entity_id,name,industry_code,about_text,lat,lon,is_customer
1,CV Textiles Abadi Jakarta,52290,CV Textiles Abadi Jakarta operates in Other transport support sector; based in Jakarta. Focus on trading and regional supply chains.,-6.179408005972425,106.74402148537754,0
2,CV Maritim Nusantara Jakarta,20110,CV Maritim Nusantara Jakarta operates in Basic chemicals sector; based in Jakarta. Focus on trading and regional supply chains.,-6.230280248484706,106.77390675209796,1
3,UD Elektrik Andalan Surabaya,62010,UD Elektrik Andalan Surabaya operates in Computer programming sector; based in Surabaya. Focus on logistics and regional supply chains.,-7.18885413231427,112.71905920141482,0
4,PT Textiles Makmur Surabaya,16299,PT Textiles Makmur Surabaya operates in Wood products n.e.c. sector; based in Surabaya. Focus on logistics and regional supply chains.,-7.217644913241018,112.91291593980576,0
5,PT Foods Andalan Surabaya,13110,PT Foods Andalan Surabaya operates in Spinning of textiles sector; based in Surabaya. Focus on logistics and regional supply chains.,-7.156471076438588,112.7169628114506,0
6,UD Maritim Jaya Bekasi,16299,UD Maritim Jaya Bekasi operates in Wood products n.e.c. sector; based in Bekasi. Focus on manufacturing and regional supply chains.,-6.269315031439092,107.0288255727646,1
7,UD Global Sejahtera Surabaya,10722,UD Global Sejahtera Surabaya operates in Bakery products sector; based in Surabaya. Focus on logistics and regional supply chains.,-7.390993016561091,112.6831331603992,1
8,CV Distribusi Makmur Jakarta,13110,CV Distribusi Makmur Jakarta operates in Spinning of textiles sector; based in Jakarta. Focus on trading and regional supply chains.,-6.160567132150101,106.80675492830837,1
9,PT Global Nusantara Jakarta,62010,PT Global Nusantara Jakarta operates in Computer programming sector; based in Jakarta. Focus on trading and regional supply chains.,-6.045189097007973,106.76722458760123,1
10,UD Elektrik Berkah Makassar,47219,UD Elektrik Berkah Makassar operates in Retail food sector; based in Makassar. Focus on marine and regional supply chains.,-5.231447118897205,119.3615305929072,1
11,UD Global Jaya Jakarta,47219,UD Global Jaya Jakarta operates in Retail food sector; based in Jakarta. Focus on trading and regional supply chains.,-6.19887675702423,106.80383362510672,1
12,UD Foods Makmur Bekasi,62010,UD Foods Makmur Bekasi operates in Computer programming sector; based in Bekasi. Focus on manufacturing and regional supply chains.,-6.063171228093445,106.96047074251796,1
13,PT Teknologi Berkah Makassar,47219,PT Teknologi Berkah Makassar operates in Retail food sector; based in Makassar. Focus on marine and regional supply chains.,-5.143344434930834,119.5034345452156,0
14,PT Elektrik Makmur Medan,10722,PT Elektrik Makmur Medan operates in Bakery products sector; based in Medan. Focus on food and regional supply chains.,3.586561555092566,98.71664855874016,0
15,CV Maritim Makmur Makassar,13110,CV Maritim Makmur Makassar operates in Spinning of textiles sector; based in Makassar. Focus on marine and regional supply chains.,-5.116107469123986,119.49967640181178,0
16,PT Maritim Sentosa Surabaya,20110,PT Maritim Sentosa Surabaya operates in Basic chemicals sector; based in Surabaya. Focus on logistics and regional supply chains.,-7.370130253631727,112.8167279530908,1
17,CV Global Makmur Jakarta,13110,CV Global Makmur Jakarta operates in Spinning of textiles sector; based in Jakarta. Focus on trading and regional supply chains.,-6.211062691571281,106.83167428682673,0
18,CV Kimia Prima Surabaya,52290,CV Kimia Prima Surabaya operates in Other transport support sector; based in Surabaya. Focus on logistics and regional supply chains.,-7.288432650841072,112.88482389838336,1
19,UD Logistik Prima Jakarta,10722,UD Logistik Prima Jakarta operates in Bakery products sector; based in Jakarta. Focus on trading and regional supply chains.,-6.363765530487402,106.92864535890448,1
20,UD Distribusi Nusantara Medan,16299,UD Distribusi Nusantara Medan operates in Wood products n.e.c. sector; based in Medan. Focus on food and regional supply chains.,3.540879430303825,98.79451881076768,1
21,PT Elektrik Sentosa Bandung,16299,PT Elektrik Sentosa Bandung operates in Wood products n.e.c. sector; based in Bandung. Focus on textile and regional supply chains.,-6.819802722939723,107.70029908134262,1
22,CV Logistik Mandiri Bekasi,46900,CV Logistik Mandiri Bekasi operates in Wholesale trade sector; based in Bekasi. Focus on manufacturing and regional supply chains.,-6.175349601412024,107.17370341665682,1
23,PT Teknologi Sejahtera Bekasi,16299,PT Teknologi Sejahtera Bekasi operates in Wood products n.e.c. sector; based in Bekasi. Focus on manufacturing and regional supply chains.,-6.289196453610674,106.94589843699774,1
24,PT Global Andalan Jakarta,10722,PT Global Andalan Jakarta operates in Bakery products sector; based in Jakarta. Focus on trading and regional supply chains.,-6.2524715316947095,106.89071190826854,0
25,PT Kayu Nusantara Medan,35201,PT Kayu Nusantara Medan operates in Electricity distribution sector; based in Medan. Focus on food and regional supply chains.,3.491267092459932,98.75309334937688,1
26,CV Kimia Sentosa Bekasi,13110,CV Kimia Sentosa Bekasi operates in Spinning of textiles sector; based in Bekasi. Focus on manufacturing and regional supply chains.,-6.264675214621334,106.90698295477158,1
27,UD Foods Nusantara Jakarta,14101,UD Foods Nusantara Jakarta operates in Garment manufacturing sector; based in Jakarta. Focus on trading and regional supply chains.,-6.286208071804509,106.75295809895844,1
28,PT Foods Sentosa Surabaya,16299,PT Foods Sentosa Surabaya operates in Wood products n.e.c. sector; based in Surabaya. Focus on logistics and regional supply chains.,-7.376383406548832,112.79323030125389,1
29,UD Distribusi Sentosa Bandung,47219,UD Distribusi Sentosa Bandung operates in Retail food sector; based in Bandung. Focus on textile and regional supply chains.,-6.849356730844555,107.69579387498187,1
30,PT Logistik Sejahtera Bekasi,14101,PT Logistik Sejahtera Bekasi operates in Garment manufacturing sector; based in Bekasi. Focus on manufacturing and regional supply chains.,-6.291718723930159,107.01703448103004,1
31,CV Foods Abadi Surabaya,52290,CV Foods Abadi Surabaya operates in Other transport support sector; based in Surabaya. Focus on logistics and regional supply chains.,-7.257083545205156,112.8074225526114,1
32,CV Logistik Sentosa Bekasi,46900,CV Logistik Sentosa Bekasi operates in Wholesale trade sector; based in Bekasi. Focus on manufacturing and regional supply chains.,-6.206011027273815,106.99962236259928,1
33,UD Distribusi Berkah Makassar,20110,UD Distribusi Berkah Makassar operates in Basic chemicals sector; based in Makassar. Focus on marine and regional supply chains.,-5.29636743194721,119.4193735964865,0
34,UD Kimia Nusantara Bandung,35201,UD Kimia Nusantara Bandung operates in Electricity distribution sector; based in Bandung. Focus on textile and regional supply chains.,-6.908629881589004,107.56351818847912,1
35,PT Maritim Mandiri Surabaya,35201,PT Maritim Mandiri Surabaya operates in Electricity distribution sector; based in Surabaya. Focus on logistics and regional supply chains.,-7.279034045275119,112.64816198799912,0
36,UD Maritim Sejahtera Makassar,13110,UD Maritim Sejahtera Makassar operates in Spinning of textiles sector; based in Makassar. Focus on marine and regional supply chains.,-5.173388435768207,119.47316949937284,0
37,PT Logistik Mandiri Makassar,10722,PT Logistik Mandiri Makassar operates in Bakery products sector; based in Makassar. Focus on marine and regional supply chains.,-4.980575234303683,119.35168325961598,0
38,CV Global Sentosa Makassar,35201,CV Global Sentosa Makassar operates in Electricity distribution sector; based in Makassar. Focus on marine and regional supply chains.,-5.149617925621572,119.35578247599692,1
39,PT Distribusi Abadi Surabaya,16299,PT Distribusi Abadi Surabaya operates in Wood products n.e.c. sector; based in Surabaya. Focus on logistics and regional supply chains.,-7.264905295117328,112.73420143350934,1
40,PT Kimia Makmur Makassar,52290,PT Kimia Makmur Makassar operates in Other transport support sector; based in Makassar. Focus on marine and regional supply chains.,-5.081068627032054,119.51062956627123,0
41,PT Elektrik Prima Bandung,47219,PT Elektrik Prima Bandung operates in Retail food sector; based in Bandung. Focus on textile and regional supply chains.,-6.904474547384153,107.60994063839166,0
42,PT Distribusi Mandiri Surabaya,47219,PT Distribusi Mandiri Surabaya operates in Retail food sector; based in Surabaya. Focus on logistics and regional supply chains.,-7.162582525390668,112.76648333206906,0
43,CV Distribusi Mandiri Bekasi,47219,CV Distribusi Mandiri Bekasi operates in Retail food sector; based in Bekasi. Focus on manufacturing and regional supply chains.,-6.120284670589321,106.86167743842977,0
44,PT Global Jaya Bandung,35201,PT Global Jaya Bandung operates in Electricity distribution sector; based in Bandung. Focus on textile and regional supply chains.,-6.774942327920339,107.56968178392904,0
45,PT Textiles Nusantara Bekasi,14101,PT Textiles Nusantara Bekasi operates in Garment manufacturing sector; based in Bekasi. Focus on manufacturing and regional supply chains.,-6.3285119434287,106.98881973375964,1
46,CV Distribusi Prima Makassar,14101,CV Distribusi Prima Makassar operates in Garment manufacturing sector; based in Makassar. Focus on marine and regional supply chains.,-5.240796193579861,119.47821515960034,0
47,UD Foods Andalan Bekasi,52290,UD Foods Andalan Bekasi operates in Other transport support sector; based in Bekasi. Focus on manufacturing and regional supply chains.,-6.278611508443234,107.0153884083866,1
48,UD Distribusi Jaya Jakarta,16299,UD Distribusi Jaya Jakarta operates in Wood products n.e.c. sector; based in Jakarta. Focus on trading and regional supply chains.,-6.278187096867063,106.79890509932513,1
49,PT Teknologi Prima Medan,35201,PT Teknologi Prima Medan operates in Electricity distribution sector; based in Medan. Focus on food and regional supply chains.,3.602954541430416,98.65712925208956,1
50,CV Kayu Andalan Makassar,20110,CV Kayu Andalan Makassar operates in Basic chemicals sector; based in Makassar. Focus on marine and regional supply chains.,-5.020371827330165,119.47956486618196,0
51,CV Kimia Makmur Jakarta,46900,CV Kimia Makmur Jakarta operates in Wholesale trade sector; based in Jakarta. Focus on trading and regional supply chains.,-6.1837059686387965,106.66817834396812,1
52,UD Kimia Makmur Makassar,14101,UD Kimia Makmur Makassar operates in Garment manufacturing sector; based in Makassar. Focus on marine and regional supply chains.,-5.117444843506363,119.53159122521372,0
53,PT Kimia Sentosa Medan,16299,PT Kimia Sentosa Medan operates in Wood products n.e.c. sector; based in Medan. Focus on food and regional supply chains.,3.540002255717198,98.65633162462306,1
54,PT Elektrik Makmur Jakarta,52290,PT Elektrik Makmur Jakarta operates in Other transport support sector; based in Jakarta. Focus on trading and regional supply chains.,-6.442059189833808,106.71704990212706,0
55,UD Global Abadi Bandung,13110,UD Global Abadi Bandung operates in Spinning of textiles sector; based in Bandung. Focus on textile and regional supply chains.,-7.084223157721066,107.62742973170342,1
56,PT Kimia Sejahtera Jakarta,16299,PT Kimia Sejahtera Jakarta operates in Wood products n.e.c. sector; based in Jakarta. Focus on trading and regional supply chains.,-6.212018679525706,106.80823467975114,0
57,PT Foods Nusantara Jakarta,14101,PT Foods Nusantara Jakarta operates in Garment manufacturing sector; based in Jakarta. Focus on trading and regional supply chains.,-6.234956331118069,106.89823090530122,1
58,PT Global Makmur Jakarta,16299,PT Global Makmur Jakarta operates in Wood products n.e.c. sector; based in Jakarta. Focus on trading and regional supply chains.,-6.298624258106478,106.81077003693603,1
59,UD Kayu Mandiri Jakarta,62010,UD Kayu Mandiri Jakarta operates in Computer programming sector; based in Jakarta. Focus on trading and regional supply chains.,-6.152288865379877,106.8023485950295,1
60,PT Textiles Abadi Surabaya,62010,PT Textiles Abadi Surabaya operates in Computer programming sector; based in Surabaya. Focus on logistics and regional supply chains.,-7.264763605421948,112.68609362968677,1
61,UD Teknologi Abadi Medan,16299,UD Teknologi Abadi Medan operates in Wood products n.e.c. sector; based in Medan. Focus on food and regional supply chains.,3.5684024431123453,98.72966806460076,1
62,CV Kimia Berkah Medan,14101,CV Kimia Berkah Medan operates in Garment manufacturing sector; based in Medan. Focus on food and regional supply chains.,3.4336430252257073,98.65955767607753,0
63,PT Kimia Nusantara Medan,13110,PT Kimia Nusantara Medan operates in Spinning of textiles sector; based in Medan. Focus on food and regional supply chains.,3.5484627897542245,98.66657548018284,1
64,PT Kimia Berkah Jakarta,10722,PT Kimia Berkah Jakarta operates in Bakery products sector; based in Jakarta. Focus on trading and regional supply chains.,-6.058145501597914,106.780969656593,1
65,UD Kayu Prima Jakarta,52290,UD Kayu Prima Jakarta operates in Other transport support sector; based in Jakarta. Focus on trading and regional supply chains.,-6.080850033711267,106.9047246977098,1
66,CV Elektrik Makmur Jakarta,14101,CV Elektrik Makmur Jakarta operates in Garment manufacturing sector; based in Jakarta. Focus on trading and regional supply chains.,-6.197608294563669,106.82366846487332,1
67,UD Kayu Makmur Bekasi,46900,UD Kayu Makmur Bekasi operates in Wholesale trade sector; based in Bekasi. Focus on manufacturing and regional supply chains.,-6.227101204624671,106.92638625622504,0
68,PT Foods Makmur Surabaya,46900,PT Foods Makmur Surabaya operates in Wholesale trade sector; based in Surabaya. Focus on logistics and regional supply chains.,-7.207352898647837,112.70308417223212,1
69,CV Global Nusantara Surabaya,35201,CV Global Nusantara Surabaya operates in Electricity distribution sector; based in Surabaya. Focus on logistics and regional supply chains.,-7.254640613158634,112.57642299108056,1
70,PT Kayu Berkah Bandung,16299,PT Kayu Berkah Bandung operates in Wood products n.e.c. sector; based in Bandung. Focus on textile and regional supply chains.,-6.986562615146271,107.66190794904315,0
71,PT Maritim Sejahtera Jakarta,46900,PT Maritim Sejahtera Jakarta operates in Wholesale trade sector; based in Jakarta. Focus on trading and regional supply chains.,-6.289877063616905,106.8434172074177,1
72,CV Kayu Sejahtera Bandung,52290,CV Kayu Sejahtera Bandung operates in Other transport support sector; based in Bandung. Focus on textile and regional supply chains.,-6.9580784364171215,107.69831201369026,1
73,UD Foods Prima Bandung,46900,UD Foods Prima Bandung operates in Wholesale trade sector; based in Bandung. Focus on textile and regional supply chains.,-6.816864482490227,107.63330999349716,1
74,CV Foods Sejahtera Bandung,47219,CV Foods Sejahtera Bandung operates in Retail food sector; based in Bandung. Focus on textile and regional supply chains.,-6.918689393316578,107.62233488914616,0
75,CV Foods Abadi Bekasi,35201,CV Foods Abadi Bekasi operates in Electricity distribution sector; based in Bekasi. Focus on manufacturing and regional supply chains.,-6.243315581571515,107.08773252663973,1
76,CV Foods Abadi Surabaya,52290,CV Foods Abadi Surabaya operates in Other transport support sector; based in Surabaya. Focus on logistics and regional supply chains.,-7.057110825175805,112.645423109858,1
77,CV Kimia Prima Bekasi,10722,CV Kimia Prima Bekasi operates in Bakery products sector; based in Bekasi. Focus on manufacturing and regional supply chains.,-6.323861812294996,107.10145357312692,1
78,CV Distribusi Berkah Bekasi,62010,CV Distribusi Berkah Bekasi operates in Computer programming sector; based in Bekasi. Focus on manufacturing and regional supply chains.,-6.332981967479419,106.882637962807,0
79,CV Elektrik Makmur Jakarta,47219,CV Elektrik Makmur Jakarta operates in Retail food sector; based in Jakarta. Focus on trading and regional supply chains.,-6.03077028515868,106.7947580091596,0
80,UD Kayu Berkah Medan,35201,UD Kayu Berkah Medan operates in Electricity distribution sector; based in Medan. Focus on food and regional supply chains.,3.575188366132702,98.63149356800542,0
81,CV Teknologi Sejahtera Surabaya,52290,CV Teknologi Sejahtera Surabaya operates in Other transport support sector; based in Surabaya. Focus on logistics and regional supply chains.,-7.210992741647327,112.66145199355113,1
82,PT Distribusi Abadi Jakarta,13110,PT Distribusi Abadi Jakarta operates in Spinning of textiles sector; based in Jakarta. Focus on trading and regional supply chains.,-6.058048862033015,106.8769437059202,0
83,UD Textiles Nusantara Makassar,47219,UD Textiles Nusantara Makassar operates in Retail food sector; based in Makassar. Focus on marine and regional supply chains.,-5.151844018541432,119.38856355204312,1
84,CV Global Mandiri Surabaya,62010,CV Global Mandiri Surabaya operates in Computer programming sector; based in Surabaya. Focus on logistics and regional supply chains.,-7.248839444795227,112.83561757211396,1
85,UD Global Andalan Bandung,62010,UD Global Andalan Bandung operates in Computer programming sector; based in Bandung. Focus on textile and regional supply chains.,-6.708104589709103,107.73980146994872,0
86,PT Textiles Berkah Jakarta,52290,PT Textiles Berkah Jakarta operates in Other transport support sector; based in Jakarta. Focus on trading and regional supply chains.,-6.118967801034187,106.82014365924378,0
87,UD Textiles Mandiri Bandung,52290,UD Textiles Mandiri Bandung operates in Other transport support sector; based in Bandung. Focus on textile and regional supply chains.,-6.818899631148911,107.59138713272496,1
88,PT Distribusi Nusantara Jakarta,52290,PT Distribusi Nusantara Jakarta operates in Other transport support sector; based in Jakarta. Focus on trading and regional supply chains.,-6.173449329324828,106.91035567427085,1
89,PT Textiles Prima Medan,46900,PT Textiles Prima Medan operates in Wholesale trade sector; based in Medan. Focus on food and regional supply chains.,3.643741895337482,98.6190245605788,1
90,UD Textiles Abadi Makassar,62010,UD Textiles Abadi Makassar operates in Computer programming sector; based in Makassar. Focus on marine and regional supply chains.,-5.270321909888087,119.4728197287722,0
91,CV Maritim Abadi Jakarta,47219,CV Maritim Abadi Jakarta operates in Retail food sector; based in Jakarta. Focus on trading and regional supply chains.,-6.189229084830007,106.89109918148483,0
92,PT Maritim Makmur Makassar,20110,PT Maritim Makmur Makassar operates in Basic chemicals sector; based in Makassar. Focus on marine and regional supply chains.,-5.143068843058946,119.40233330931738,1
93,CV Distribusi Jaya Surabaya,16299,CV Distribusi Jaya Surabaya operates in Wood products n.e.c. sector; based in Surabaya. Focus on logistics and regional supply chains.,-7.173183751696198,112.83180506824677,1
94,UD Maritim Nusantara Bekasi,20110,UD Maritim Nusantara Bekasi operates in Basic chemicals sector; based in Bekasi. Focus on manufacturing and regional supply chains.,-6.410335473442942,106.8708707516127,0
95,UD Elektrik Nusantara Medan,47219,UD Elektrik Nusantara Medan operates in Retail food sector; based in Medan. Focus on food and regional supply chains.,3.605586770046198,98.66698097057927,1
96,PT Elektrik Andalan Bekasi,13110,PT Elektrik Andalan Bekasi operates in Spinning of textiles sector; based in Bekasi. Focus on manufacturing and regional supply chains.,-6.256558803984771,107.05831459985934,0
97,CV Teknologi Jaya Surabaya,46900,CV Teknologi Jaya Surabaya operates in Wholesale trade sector; based in Surabaya. Focus on logistics and regional supply chains.,-7.09626012680312,112.66958414933649,1
98,UD Teknologi Nusantara Bekasi,14101,UD Teknologi Nusantara Bekasi operates in Garment manufacturing sector; based in Bekasi. Focus on manufacturing and regional supply chains.,-6.247001422102062,106.99036947532824,1
99,CV Logistik Mandiri Bandung,14101,CV Logistik Mandiri Bandung operates in Garment manufacturing sector; based in Bandung. Focus on textile and regional supply chains.,-6.901076544413444,107.52120882151716,1
100,PT Elektrik Berkah Jakarta,52290,PT Elektrik Berkah Jakarta operates in Other transport support sector; based in Jakarta. Focus on trading and regional supply chains.,-6.162605609732802,106.81963608125632,0
101,PT Global Jaya Jakarta,16299,PT Global Jaya Jakarta operates in Wood products n.e.c. sector; based in Jakarta. Focus on trading and regional supply chains.,-6.036888050804988,106.8474848632943,0
102,CV Global Nusantara Bekasi,52290,CV Global Nusantara Bekasi operates in Other transport support sector; based in Bekasi. Focus on manufacturing and regional supply chains.,-6.29764220440679,106.87262762345,0
103,PT Elektrik Sejahtera Makassar,62010,PT Elektrik Sejahtera Makassar operates in Computer programming sector; based in Makassar. Focus on marine and regional supply chains.,-5.155535577259027,119.37272803252452,1
104,PT Textiles Nusantara Jakarta,14101,PT Textiles Nusantara Jakarta operates in Garment manufacturing sector; based in Jakarta. Focus on trading and regional supply chains.,-6.233893655068476,106.8443521967106,1
105,PT Kayu Makmur Bandung,10722,PT Kayu Makmur Bandung operates in Bakery products sector; based in Bandung. Focus on textile and regional supply chains.,-6.898698575794518,107.63461204142008,0
106,PT Foods Abadi Jakarta,20110,PT Foods Abadi Jakarta operates in Basic chemicals sector; based in Jakarta. Focus on trading and regional supply chains.,-6.088618996056886,106.84933645544616,0
107,CV Maritim Andalan Makassar,20110,CV Maritim Andalan Makassar operates in Basic chemicals sector; based in Makassar. Focus on marine and regional supply chains.,-4.930621579544504,119.44560679400333,0
108,CV Foods Jaya Bandung,47219,CV Foods Jaya Bandung operates in Retail food sector; based in Bandung. Focus on textile and regional supply chains.,-6.950051695224473,107.49933252311102,1
109,CV Teknologi Nusantara Bandung,62010,CV Teknologi Nusantara Bandung operates in Computer programming sector; based in Bandung. Focus on textile and regional supply chains.,-7.022649723764972,107.6916452114002,0
110,PT Global Makmur Makassar,62010,PT Global Makmur Makassar operates in Computer programming sector; based in Makassar. Focus on marine and regional supply chains.,-5.0957854137093515,119.42552410192538,1
111,PT Kimia Nusantara Bekasi,16299,PT Kimia Nusantara Bekasi operates in Wood products n.e.c. sector; based in Bekasi. Focus on manufacturing and regional supply chains.,-6.259550305137207,106.9213916122238,1
112,PT Textiles Berkah Jakarta,47219,PT Textiles Berkah Jakarta operates in Retail food sector; based in Jakarta. Focus on trading and regional supply chains.,-6.2133094063967595,106.82657911792856,1
113,CV Elektrik Abadi Jakarta,35201,CV Elektrik Abadi Jakarta operates in Electricity distribution sector; based in Jakarta. Focus on trading and regional supply chains.,-6.361414872069635,106.87471544857094,1
114,UD Kimia Sejahtera Surabaya,13110,UD Kimia Sejahtera Surabaya operates in Spinning of textiles sector; based in Surabaya. Focus on logistics and regional supply chains.,-7.419679508838818,112.77905826651592,1
115,PT Teknologi Jaya Makassar,46900,PT Teknologi Jaya Makassar operates in Wholesale trade sector; based in Makassar. Focus on marine and regional supply chains.,-5.151275865895433,119.45606592574246,1
116,PT Distribusi Abadi Makassar,20110,PT Distribusi Abadi Makassar operates in Basic chemicals sector; based in Makassar. Focus on marine and regional supply chains.,-5.199579911698313,119.56817825982556,1
117,UD Maritim Abadi Surabaya,35201,UD Maritim Abadi Surabaya operates in Electricity distribution sector; based in Surabaya. Focus on logistics and regional supply chains.,-7.200052601580927,112.80293329371708,0
118,PT Teknologi Abadi Medan,62010,PT Teknologi Abadi Medan operates in Computer programming sector; based in Medan. Focus on food and regional supply chains.,3.5808851515962425,98.66617965161991,0
119,CV Textiles Andalan Bandung,47219,CV Textiles Andalan Bandung operates in Retail food sector; based in Bandung. Focus on textile and regional supply chains.,-6.8466441529999535,107.72328325737357,0
120,PT Maritim Nusantara Surabaya,35201,PT Maritim Nusantara Surabaya operates in Electricity distribution sector; based in Surabaya. Focus on logistics and regional supply chains.,-7.145485989955751,112.74838901613047,1
121,PT Teknologi Sejahtera Jakarta,35201,PT Teknologi Sejahtera Jakarta operates in Electricity distribution sector; based in Jakarta. Focus on trading and regional supply chains.,-6.195463892128552,106.84318641741454,1
122,PT Kayu Prima Jakarta,13110,PT Kayu Prima Jakarta operates in Spinning of textiles sector; based in Jakarta. Focus on trading and regional supply chains.,-6.2209424714830615,106.75995880643936,0
123,PT Kayu Sentosa Surabaya,20110,PT Kayu Sentosa Surabaya operates in Basic chemicals sector; based in Surabaya. Focus on logistics and regional supply chains.,-7.244183265157584,112.78996581210129,0
124,PT Logistik Sentosa Surabaya,35201,PT Logistik Sentosa Surabaya operates in Electricity distribution sector; based in Surabaya. Focus on logistics and regional supply chains.,-7.2156036658387475,112.74605714738276,1
125,PT Foods Jaya Bandung,10722,PT Foods Jaya Bandung operates in Bakery products sector; based in Bandung. Focus on textile and regional supply chains.,-6.9701431244076,107.65904128106008,1
126,PT Kayu Berkah Surabaya,52290,PT Kayu Berkah Surabaya operates in Other transport support sector; based in Surabaya. Focus on logistics and regional supply chains.,-7.225420181442716,112.6785762466027,1
127,PT Foods Jaya Bandung,10722,PT Foods Jaya Bandung operates in Bakery products sector; based in Bandung. Focus on textile and regional supply chains.,-6.841593658996946,107.67988638760778,0
128,CV Logistik Nusantara Makassar,62010,CV Logistik Nusantara Makassar operates in Computer programming sector; based in Makassar. Focus on marine and regional supply chains.,-5.151049362376599,119.33236066445384,1
129,PT Logistik Makmur Bandung,16299,PT Logistik Makmur Bandung operates in Wood products n.e.c. sector; based in Bandung. Focus on textile and regional supply chains.,-7.014631026937816,107.65385637786902,0
130,CV Maritim Mandiri Bandung,62010,CV Maritim Mandiri Bandung operates in Computer programming sector; based in Bandung. Focus on textile and regional supply chains.,-6.959535576172056,107.5971714914942,1
131,PT Distribusi Berkah Bandung,46900,PT Distribusi Berkah Bandung operates in Wholesale trade sector; based in Bandung. Focus on textile and regional supply chains.,-7.007811098066187,107.68496082008252,0
132,PT Maritim Jaya Bekasi,47219,PT Maritim Jaya Bekasi operates in Retail food sector; based in Bekasi. Focus on manufacturing and regional supply chains.,-6.392943091710817,106.9885864007299,1
133,PT Teknologi Jaya Surabaya,62010,PT Teknologi Jaya Surabaya operates in Computer programming sector; based in Surabaya. Focus on logistics and regional supply chains.,-7.229084382104896,112.80105486103784,0
134,UD Foods Nusantara Bandung,16299,UD Foods Nusantara Bandung operates in Wood products n.e.c. sector; based in Bandung. Focus on textile and regional supply chains.,-6.878919769590699,107.5215375219596,1
135,PT Elektrik Mandiri Surabaya,16299,PT Elektrik Mandiri Surabaya operates in Wood products n.e.c. sector; based in Surabaya. Focus on logistics and regional supply chains.,-7.290499413578417,112.69253734840068,1
136,UD Textiles Nusantara Jakarta,62010,UD Textiles Nusantara Jakarta operates in Computer programming sector; based in Jakarta. Focus on trading and regional supply chains.,-6.2937677237192,106.67587788396771,0
137,PT Logistik Sejahtera Bandung,16299,PT Logistik Sejahtera Bandung operates in Wood products n.e.c. sector; based in Bandung. Focus on textile and regional supply chains.,-6.879213683810634,107.71346709087211,1
138,UD Global Sejahtera Jakarta,16299,UD Global Sejahtera Jakarta operates in Wood products n.e.c. sector; based in Jakarta. Focus on trading and regional supply chains.,-6.245713261078179,106.87802628634854,1
139,UD Textiles Mandiri Makassar,47219,UD Textiles Mandiri Makassar operates in Retail food sector; based in Makassar. Focus on marine and regional supply chains.,-5.104770919849739,119.36036390872027,1
140,CV Global Prima Surabaya,46900,CV Global Prima Surabaya operates in Wholesale trade sector; based in Surabaya. Focus on logistics and regional supply chains.,-7.266658525242303,112.7554244250053,0
141,UD Distribusi Mandiri Bekasi,13110,UD Distribusi Mandiri Bekasi operates in Spinning of textiles sector; based in Bekasi. Focus on manufacturing and regional supply chains.,-6.182467355901003,107.00117723472464,0
142,CV Distribusi Makmur Jakarta,46900,CV Distribusi Makmur Jakarta operates in Wholesale trade sector; based in Jakarta. Focus on trading and regional supply chains.,-6.3394334158649945,106.96317149177209,1
143,CV Logistik Abadi Bekasi,62010,CV Logistik Abadi Bekasi operates in Computer programming sector; based in Bekasi. Focus on manufacturing and regional supply chains.,-6.2104792409663565,106.9128622249355,1
144,UD Global Jaya Bekasi,35201,UD Global Jaya Bekasi operates in Electricity distribution sector; based in Bekasi. Focus on manufacturing and regional supply chains.,-6.3645886117189,106.92268007411091,0
145,UD Teknologi Berkah Jakarta,35201,UD Teknologi Berkah Jakarta operates in Electricity distribution sector; based in Jakarta. Focus on trading and regional supply chains.,-6.228046491224157,106.76236555039291,1
146,PT Textiles Abadi Jakarta,52290,PT Textiles Abadi Jakarta operates in Other transport support sector; based in Jakarta. Focus on trading and regional supply chains.,-6.238023804923385,106.73514153485186,1
147,PT Maritim Berkah Surabaya,10722,PT Maritim Berkah Surabaya operates in Bakery products sector; based in Surabaya. Focus on logistics and regional supply chains.,-7.213062153601237,112.6682284479721,1
148,CV Kimia Andalan Bekasi,20110,CV Kimia Andalan Bekasi operates in Basic chemicals sector; based in Bekasi. Focus on manufacturing and regional supply chains.,-6.1984897887399555,107.04670498518628,0
149,UD Teknologi Prima Bandung,16299,UD Teknologi Prima Bandung operates in Wood products n.e.c. sector; based in Bandung. Focus on textile and regional supply chains.,-7.037795034388168,107.58130834676804,1
150,UD Global Prima Medan,20110,UD Global Prima Medan operates in Basic chemicals sector; based in Medan. Focus on food and regional supply chains.,3.6679420190395673,98.68482625875872,1
151,PT Foods Sentosa Medan,46900,PT Foods Sentosa Medan operates in Wholesale trade sector; based in Medan. Focus on food and regional supply chains.,3.6645054936678303,98.75889657211626,1
152,PT Logistik Makmur Bandung,35201,PT Logistik Makmur Bandung operates in Electricity distribution sector; based in Bandung. Focus on textile and regional supply chains.,-7.007653712228261,107.58420190942634,1
153,UD Foods Nusantara Bandung,47219,UD Foods Nusantara Bandung operates in Retail food sector; based in Bandung. Focus on textile and regional supply chains.,-6.894354669942753,107.5964074635108,0
154,CV Textiles Abadi Makassar,46900,CV Textiles Abadi Makassar operates in Wholesale trade sector; based in Makassar. Focus on marine and regional supply chains.,-5.121285461943827,119.54967424129288,1
155,PT Elektrik Sejahtera Medan,13110,PT Elektrik Sejahtera Medan operates in Spinning of textiles sector; based in Medan. Focus on food and regional supply chains.,3.5787877458370945,98.68923259307157,1
156,UD Maritim Makmur Bekasi,47219,UD Maritim Makmur Bekasi operates in Retail food sector; based in Bekasi. Focus on manufacturing and regional supply chains.,-6.252270615656586,106.82728049676231,0
157,UD Logistik Andalan Bandung,62010,UD Logistik Andalan Bandung operates in Computer programming sector; based in Bandung. Focus on textile and regional supply chains.,-6.985187685736471,107.60128861044969,0
158,UD Global Andalan Bekasi,10722,UD Global Andalan Bekasi operates in Bakery products sector; based in Bekasi. Focus on manufacturing and regional supply chains.,-6.27920468587683,107.0550925152926,1
159,CV Global Jaya Bekasi,52290,CV Global Jaya Bekasi operates in Other transport support sector; based in Bekasi. Focus on manufacturing and regional supply chains.,-6.156043308588553,106.93594390177743,1
160,PT Teknologi Sejahtera Medan,16299,PT Teknologi Sejahtera Medan operates in Wood products n.e.c. sector; based in Medan. Focus on food and regional supply chains.,3.679631581024665,98.62924255011424,1
161,PT Textiles Nusantara Jakarta,20110,PT Textiles Nusantara Jakarta operates in Basic chemicals sector; based in Jakarta. Focus on trading and regional supply chains.,-6.176769539411258,106.78403070397624,1
162,UD Foods Mandiri Jakarta,20110,UD Foods Mandiri Jakarta operates in Basic chemicals sector; based in Jakarta. Focus on trading and regional supply chains.,-6.308855512911903,106.75304320187968,0
163,UD Global Berkah Jakarta,46900,UD Global Berkah Jakarta operates in Wholesale trade sector; based in Jakarta. Focus on trading and regional supply chains.,-6.3331855254793235,106.88045905419727,1
164,UD Distribusi Andalan Bandung,13110,UD Distribusi Andalan Bandung operates in Spinning of textiles sector; based in Bandung. Focus on textile and regional supply chains.,-6.809685412135298,107.69091552848428,1
165,UD Logistik Jaya Jakarta,16299,UD Logistik Jaya Jakarta operates in Wood products n.e.c. sector; based in Jakarta. Focus on trading and regional supply chains.,-6.225442385115094,106.8721489973234,0
166,PT Kayu Prima Medan,13110,PT Kayu Prima Medan operates in Spinning of textiles sector; based in Medan. Focus on food and regional supply chains.,3.4383927758582646,98.75403932125931,1
167,UD Kimia Mandiri Bandung,52290,UD Kimia Mandiri Bandung operates in Other transport support sector; based in Bandung. Focus on textile and regional supply chains.,-6.769497193140641,107.67219955984945,1
168,CV Teknologi Jaya Makassar,16299,CV Teknologi Jaya Makassar operates in Wood products n.e.c. sector; based in Makassar. Focus on marine and regional supply chains.,-5.188578169741937,119.49930562350644,1
169,PT Elektrik Makmur Bekasi,20110,PT Elektrik Makmur Bekasi operates in Basic chemicals sector; based in Bekasi. Focus on manufacturing and regional supply chains.,-6.23724081462348,106.90893117156652,1
170,UD Kimia Sejahtera Bandung,46900,UD Kimia Sejahtera Bandung operates in Wholesale trade sector; based in Bandung. Focus on textile and regional supply chains.,-7.026362622536321,107.60040976629092,1
171,CV Global Andalan Surabaya,47219,CV Global Andalan Surabaya operates in Retail food sector; based in Surabaya. Focus on logistics and regional supply chains.,-7.255813043369575,112.54562558576906,0
172,UD Textiles Jaya Bekasi,16299,UD Textiles Jaya Bekasi operates in Wood products n.e.c. sector; based in Bekasi. Focus on manufacturing and regional supply chains.,-6.008837337602488,106.9567652317619,1
173,CV Global Abadi Makassar,35201,CV Global Abadi Makassar operates in Electricity distribution sector; based in Makassar. Focus on marine and regional supply chains.,-5.044044139220868,119.4346644158822,0
174,UD Logistik Sentosa Medan,46900,UD Logistik Sentosa Medan operates in Wholesale trade sector; based in Medan. Focus on food and regional supply chains.,3.6965629225885146,98.8494700631302,1
175,UD Kimia Sejahtera Surabaya,47219,UD Kimia Sejahtera Surabaya operates in Retail food sector; based in Surabaya. Focus on logistics and regional supply chains.,-7.301366449151869,112.7245136583907,1
176,UD Foods Sejahtera Bekasi,46900,UD Foods Sejahtera Bekasi operates in Wholesale trade sector; based in Bekasi. Focus on manufacturing and regional supply chains.,-6.194126450506202,107.07065242699586,1
177,CV Textiles Sejahtera Makassar,35201,CV Textiles Sejahtera Makassar operates in Electricity distribution sector; based in Makassar. Focus on marine and regional supply chains.,-5.130453596036475,119.4195117997655,1
178,UD Distribusi Makmur Bekasi,46900,UD Distribusi Makmur Bekasi operates in Wholesale trade sector; based in Bekasi. Focus on manufacturing and regional supply chains.,-6.353694032394699,106.99939826238342,1
179,CV Global Jaya Jakarta,14101,CV Global Jaya Jakarta operates in Garment manufacturing sector; based in Jakarta. Focus on trading and regional supply chains.,-6.282403393486328,106.81684666574044,1
180,PT Distribusi Prima Bandung,10722,PT Distribusi Prima Bandung operates in Bakery products sector; based in Bandung. Focus on textile and regional supply chains.,-6.82055204421962,107.64980316215656,0
181,CV Elektrik Sentosa Bandung,47219,CV Elektrik Sentosa Bandung operates in Retail food sector; based in Bandung. Focus on textile and regional supply chains.,-6.889623790538421,107.49496456725107,0
182,CV Distribusi Berkah Surabaya,62010,CV Distribusi Berkah Surabaya operates in Computer programming sector; based in Surabaya. Focus on logistics and regional supply chains.,-7.219159623193864,112.70917157870454,1
183,CV Maritim Sentosa Makassar,62010,CV Maritim Sentosa Makassar operates in Computer programming sector; based in Makassar. Focus on marine and regional supply chains.,-5.3033925328053115,119.53851246566016,1
184,PT Distribusi Prima Makassar,52290,PT Distribusi Prima Makassar operates in Other transport support sector; based in Makassar. Focus on marine and regional supply chains.,-5.168116706088986,119.43586228122172,1
185,PT Textiles Prima Medan,35201,PT Textiles Prima Medan operates in Electricity distribution sector; based in Medan. Focus on food and regional supply chains.,3.632952276966239,98.77287844240874,0
186,CV Foods Sejahtera Medan,47219,CV Foods Sejahtera Medan operates in Retail food sector; based in Medan. Focus on food and regional supply chains.,3.534806223111313,98.78884687721772,1
187,CV Textiles Makmur Bandung,20110,CV Textiles Makmur Bandung operates in Basic chemicals sector; based in Bandung. Focus on textile and regional supply chains.,-6.921098108526806,107.5547239462878,0
188,CV Global Abadi Surabaya,16299,CV Global Abadi Surabaya operates in Wood products n.e.c. sector; based in Surabaya. Focus on logistics and regional supply chains.,-7.24874361953019,112.70114271150776,0
189,UD Teknologi Sentosa Bandung,20110,UD Teknologi Sentosa Bandung operates in Basic chemicals sector; based in Bandung. Focus on textile and regional supply chains.,-6.925741616858374,107.73949463056694,1
190,UD Kimia Prima Bekasi,14101,UD Kimia Prima Bekasi operates in Garment manufacturing sector; based in Bekasi. Focus on manufacturing and regional supply chains.,-6.392894500949583,106.99764536941446,1
191,CV Kayu Prima Medan,35201,CV Kayu Prima Medan operates in Electricity distribution sector; based in Medan. Focus on food and regional supply chains.,3.5938383233998694,98.64695425444545,0
192,CV Foods Andalan Surabaya,47219,CV Foods Andalan Surabaya operates in Retail food sector; based in Surabaya. Focus on logistics and regional supply chains.,-7.29479268060232,112.80653373331748,0
193,PT Global Jaya Surabaya,46900,PT Global Jaya Surabaya operates in Wholesale trade sector; based in Surabaya. Focus on logistics and regional supply chains.,-7.3059871538002605,112.5205264261134,1
194,UD Foods Berkah Jakarta,14101,UD Foods Berkah Jakarta operates in Garment manufacturing sector; based in Jakarta. Focus on trading and regional supply chains.,-6.320774773889648,106.79190768618685,1
195,UD Distribusi Makmur Bandung,20110,UD Distribusi Makmur Bandung operates in Basic chemicals sector; based in Bandung. Focus on textile and regional supply chains.,-6.8450695232343595,107.66343799894588,0
196,CV Kimia Berkah Makassar,14101,CV Kimia Berkah Makassar operates in Garment manufacturing sector; based in Makassar. Focus on marine and regional supply chains.,-5.320392371918113,119.47698974467517,1
197,PT Global Berkah Surabaya,20110,PT Global Berkah Surabaya operates in Basic chemicals sector; based in Surabaya. Focus on logistics and regional supply chains.,-7.248895114064063,112.70987178474756,0
198,CV Teknologi Abadi Makassar,62010,CV Teknologi Abadi Makassar operates in Computer programming sector; based in Makassar. Focus on marine and regional supply chains.,-5.188514153632846,119.47956381514815,0
199,PT Foods Makmur Bandung,46900,PT Foods Makmur Bandung operates in Wholesale trade sector; based in Bandung. Focus on textile and regional supply chains.,-6.894184178990702,107.53825468453594,0
200,UD Kimia Prima Medan,46900,UD Kimia Prima Medan operates in Wholesale trade sector; based in Medan. Focus on food and regional supply chains.,3.508082960143384,98.681042919267,1
201,PT Kimia Jaya Medan,10722,PT Kimia Jaya Medan operates in Bakery products sector; based in Medan. Focus on food and regional supply chains.,3.743392078040403,98.75621664113304,0
202,CV Textiles Jaya Bekasi,52290,CV Textiles Jaya Bekasi operates in Other transport support sector; based in Bekasi. Focus on manufacturing and regional supply chains.,-6.194063261360504,106.90700365501198,0
203,UD Elektrik Prima Bekasi,52290,UD Elektrik Prima Bekasi operates in Other transport support sector; based in Bekasi. Focus on manufacturing and regional supply chains.,-6.306783389492474,107.04528306897394,0
204,PT Logistik Andalan Makassar,35201,PT Logistik Andalan Makassar operates in Electricity distribution sector; based in Makassar. Focus on marine and regional supply chains.,-5.083719046485666,119.36798055066647,1
205,UD Elektrik Prima Makassar,13110,UD Elektrik Prima Makassar operates in Spinning of textiles sector; based in Makassar. Focus on marine and regional supply chains.,-5.161144388878654,119.36563035677018,1
206,PT Global Berkah Jakarta,46900,PT Global Berkah Jakarta operates in Wholesale trade sector; based in Jakarta. Focus on trading and regional supply chains.,-6.246406641366184,106.89714318476324,0
207,UD Foods Mandiri Bekasi,10722,UD Foods Mandiri Bekasi operates in Bakery products sector; based in Bekasi. Focus on manufacturing and regional supply chains.,-6.264276724773397,106.91803117327532,0
208,UD Kimia Jaya Makassar,14101,UD Kimia Jaya Makassar operates in Garment manufacturing sector; based in Makassar. Focus on marine and regional supply chains.,-5.266503101759087,119.42094036828018,0
209,UD Kimia Berkah Bandung,13110,UD Kimia Berkah Bandung operates in Spinning of textiles sector; based in Bandung. Focus on textile and regional supply chains.,-6.942285870876641,107.73467433956826,0
210,CV Elektrik Berkah Makassar,13110,CV Elektrik Berkah Makassar operates in Spinning of textiles sector; based in Makassar. Focus on marine and regional supply chains.,-5.215923406456509,119.35607974628658,1
211,PT Global Berkah Makassar,35201,PT Global Berkah Makassar operates in Electricity distribution sector; based in Makassar. Focus on marine and regional supply chains.,-5.097568656667187,119.45013499904778,0
212,CV Kayu Prima Medan,35201,CV Kayu Prima Medan operates in Electricity distribution sector; based in Medan. Focus on food and regional supply chains.,3.5947248474996427,98.685081009512,1
213,CV Elektrik Sejahtera Bandung,47219,CV Elektrik Sejahtera Bandung operates in Retail food sector; based in Bandung. Focus on textile and regional supply chains.,-6.954458569024753,107.62519135397493,0
214,PT Kimia Prima Jakarta,20110,PT Kimia Prima Jakarta operates in Basic chemicals sector; based in Jakarta. Focus on trading and regional supply chains.,-6.138941734503731,106.72696210454104,0
215,PT Distribusi Prima Bandung,52290,PT Distribusi Prima Bandung operates in Other transport support sector; based in Bandung. Focus on textile and regional supply chains.,-6.846519959225716,107.70456098279593,0
216,PT Textiles Jaya Bandung,13110,PT Textiles Jaya Bandung operates in Spinning of textiles sector; based in Bandung. Focus on textile and regional supply chains.,-6.959081853955052,107.85084736554896,0
217,UD Teknologi Sentosa Bandung,20110,UD Teknologi Sentosa Bandung operates in Basic chemicals sector; based in Bandung. Focus on textile and regional supply chains.,-6.76655718950441,107.48283776212058,0
218,CV Teknologi Sejahtera Surabaya,62010,CV Teknologi Sejahtera Surabaya operates in Computer programming sector; based in Surabaya. Focus on logistics and regional supply chains.,-7.175925753348097,112.81227098967328,1
219,CV Kayu Mandiri Jakarta,13110,CV Kayu Mandiri Jakarta operates in Spinning of textiles sector; based in Jakarta. Focus on trading and regional supply chains.,-6.286584861514034,106.85789612526352,0
220,CV Global Abadi Bekasi,10722,CV Global Abadi Bekasi operates in Bakery products sector; based in Bekasi. Focus on manufacturing and regional supply chains.,-6.279241725020297,107.06406567052008,1
221,PT Japfa Comfeed Indonesia Tbk,10141,"PT Japfa Comfeed Indonesia Tbk operates in Anchor_Corporate sector; based in DKI Jakarta, Jakarta Selatan. Anchor â€“ listed poultry & feed company Part of Japfa_Group ecosystem.",-6.2615,106.8106,1
222,PT Multibreeder Adirama Indonesia,10141,"PT Multibreeder Adirama Indonesia operates in Breeding sector; based in Jawa Barat, Purwakarta. Poultry breeding subsidiary Part of Japfa_Group ecosystem.",-6.5547,107.443,1
223,PT Ciomas Adisatwa,10141,"PT Ciomas Adisatwa operates in Processing/Slaughterhouse sector; based in Jawa Barat, Bogor. Chicken processing & slaughterhouse Part of Japfa_Group ecosystem.",-6.5944,106.7892,1
224,PT Suri Tani Pemuka,10141,"PT Suri Tani Pemuka operates in Aquaculture sector; based in Jawa Timur, Gresik. Aquaculture & fish/shrimp feed Part of Japfa_Group ecosystem.",-7.1538,112.6561,1
225,PT Santosa Agrindo,10141,"PT Santosa Agrindo operates in Beef/Livestock sector; based in Jawa Timur, nan. Beef and livestock business Part of Japfa_Group ecosystem.",-7.2459,112.7378,1
226,PT Vaksindo Satwa Nusantara,10141,"PT Vaksindo Satwa Nusantara operates in Animal_Health/Vaccines sector; based in Jawa Barat, nan. Animal vaccine & health Part of Japfa_Group ecosystem.",-6.9175,107.6191,1
227,[Japfa] Feed Unit Medan,10141,"[Japfa] Feed Unit Medan operates in Feed_Mill sector; based in Sumatera Utara, Medan. Feed unit Medan Part of Japfa_Group ecosystem.",3.5952,98.6722,1
228,[Japfa] Feed Unit Padang,10141,"[Japfa] Feed Unit Padang operates in Feed_Mill sector; based in Sumatera Barat, Padang. Feed unit Padang Part of Japfa_Group ecosystem.",-0.9471,100.3542,1
229,[Japfa] Feed Unit Lampung,10141,"[Japfa] Feed Unit Lampung operates in Feed_Mill sector; based in Lampung, nan. Feed unit Lampung Part of Japfa_Group ecosystem.",-6.2088,106.8456,1
230,[Japfa] Feed Unit Cikande,10141,"[Japfa] Feed Unit Cikande operates in Feed_Mill sector; based in Banten, Serang/Cikande. Feed unit Cikande Part of Japfa_Group ecosystem.",-6.1214,106.15,1
231,[Japfa] Feed Unit Tangerang,10141,"[Japfa] Feed Unit Tangerang operates in Feed_Mill sector; based in Banten, Tangerang. Feed unit Tangerang Part of Japfa_Group ecosystem.",-6.1783,106.6319,1
232,[Japfa] Feed Unit Cirebon,10141,"[Japfa] Feed Unit Cirebon operates in Feed_Mill sector; based in Jawa Barat, Cirebon. Feed unit Cirebon Part of Japfa_Group ecosystem.",-6.732,108.5523,1
233,[Japfa] Feed Unit Sragen,10141,"[Japfa] Feed Unit Sragen operates in Feed_Mill sector; based in Jawa Tengah, Sragen. Feed unit Sragen Part of Japfa_Group ecosystem.",-7.4265,111.0174,1
234,[Japfa] Feed Unit Gedangan,10141,"[Japfa] Feed Unit Gedangan operates in Feed_Mill sector; based in Jawa Timur, Gedangan. Feed unit Gedangan Part of Japfa_Group ecosystem.",-7.3908,112.7269,1
235,[Japfa] Feed Unit Surabaya,10141,"[Japfa] Feed Unit Surabaya operates in Feed_Mill sector; based in Jawa Timur, Surabaya. Feed unit Surabaya Part of Japfa_Group ecosystem.",-7.2575,112.7521,1
236,[Japfa] Feed Unit Sidoarjo,10141,"[Japfa] Feed Unit Sidoarjo operates in Feed_Mill sector; based in Jawa Timur, Sidoarjo. Feed unit Sidoarjo Part of Japfa_Group ecosystem.",-7.4492,112.7183,1
237,[Japfa] Feed Unit Makassar,10141,"[Japfa] Feed Unit Makassar operates in Feed_Mill sector; based in Sulawesi Selatan, Makassar. Feed unit Makassar Part of Japfa_Group ecosystem.",-5.1477,119.4327,1
238,[Japfa] Feed Unit Grobogan,10141,"[Japfa] Feed Unit Grobogan operates in Feed_Mill sector; based in Jawa Tengah, Grobogan. Feed unit Grobogan Part of Japfa_Group ecosystem.",-7.0313,110.9252,1
239,[Japfa] Feed Unit Parepare,10141,"[Japfa] Feed Unit Parepare operates in Feed_Mill sector; based in Sulawesi Selatan, Parepare. Feed unit Parepare Part of Japfa_Group ecosystem.",-4.0142,119.6248,1
240,[Japfa] Feed Unit Banjarmasin,10141,"[Japfa] Feed Unit Banjarmasin operates in Feed_Mill sector; based in Kalimantan Selatan, Banjarmasin. Feed unit Banjarmasin Part of Japfa_Group ecosystem.",-3.3192,114.5918,1
241,[Japfa] Chicken Slaughterhouse Parung,10141,"[Japfa] Chicken Slaughterhouse Parung operates in Slaughterhouse sector; based in Jawa Barat, Parung/Bogor. Chicken slaughterhouse unit Part of Japfa_Group ecosystem.",-6.4181,106.7333,1
242,[Japfa] Chicken Slaughterhouse Sadang,10141,"[Japfa] Chicken Slaughterhouse Sadang operates in Slaughterhouse sector; based in Jawa Barat, Sadang/Purwakarta. Chicken slaughterhouse unit Part of Japfa_Group ecosystem.",-6.5697,107.5033,1
243,[Japfa] Chicken Slaughterhouse Pabelan,10141,"[Japfa] Chicken Slaughterhouse Pabelan operates in Slaughterhouse sector; based in Jawa Tengah, Pabelan/Semarang. Chicken slaughterhouse unit Part of Japfa_Group ecosystem.",-7.3104,110.5077,1
244,[Japfa] Chicken Slaughterhouse Balongbendo,10141,"[Japfa] Chicken Slaughterhouse Balongbendo operates in Slaughterhouse sector; based in Jawa Timur, Balongbendo/Sidoarjo. Chicken slaughterhouse unit Part of Japfa_Group ecosystem.",-7.4167,112.7167,1
245,[Japfa] Chicken Slaughterhouse Tabanan,10141,"[Japfa] Chicken Slaughterhouse Tabanan operates in Slaughterhouse sector; based in Bali, Tabanan. Chicken slaughterhouse unit Part of Japfa_Group ecosystem.",-8.5402,115.1237,1
246,[Japfa] Chicken Slaughterhouse Maros,10141,"[Japfa] Chicken Slaughterhouse Maros operates in Slaughterhouse sector; based in Sulawesi Selatan, Maros. Chicken slaughterhouse unit Part of Japfa_Group ecosystem.",-5.0573,119.5689,1
247,[Japfa] Chicken Slaughterhouse Bati-bati,10141,"[Japfa] Chicken Slaughterhouse Bati-bati operates in Slaughterhouse sector; based in Kalimantan Selatan, Bati-bati. Chicken slaughterhouse unit Part of Japfa_Group ecosystem.",-3.5675,114.7556,1
248,[Japfa] Chicken Slaughterhouse Lampung,10141,"[Japfa] Chicken Slaughterhouse Lampung operates in Slaughterhouse sector; based in Lampung, nan. Chicken slaughterhouse unit Part of Japfa_Group ecosystem.",-6.2088,106.8456,1
249,Kelompok Tani Ternak Bina Tani,10141,"Kelompok Tani Ternak Bina Tani operates in Contract_Farmer_Group sector; based in Sulawesi Selatan, Pinrang. Farmer group linked to feed supply",-3.7874,119.6488,0
250,Kelompok Tani Ternak Mitra Tani Bulu Ballea,10141,"Kelompok Tani Ternak Mitra Tani Bulu Ballea operates in Contract_Farmer_Group sector; based in Sulawesi Selatan, nan. Farmer group mentioned in feed mill network list",-5.1477,119.4327,0
